{
  "layout-wide-bg": false,
  "layout-wide-content": false,
  "layout-pt": 2,
  "layout-pb": 2,
  "hide-mobile": false,
  "hide-desktop": false,
  "tags-background-color": "#fafafa",
  "grid-list-min-width": 330,
  "grid-list-column-gap": 2,
  "grid-list-row-gap": 2,
  "hide-date": false,
  "blog_desc_limit": "50",
  "hide-tags": false,
  "hide-description": true,
  "hide-article-tags": true,
  "img-border-radius": 0,
  "img-ratio": 1.5,
  "hide-title": false,
  "widget-heading-ratio": 1.5,
  "widget-heading-weight": 600,
  "img-fit": "cover"
}
