{
  "content": [
    {
      "items": [
        {
          "name": "logo",
          "label": "Logo",
          "value": null,
          "type": "file",
          "general": true,
          "help": "Recommended size: 200x60 px",
          "general_position": 1
        },
        {
          "class": "text",
          "name": "logo_url",
          "label": "Logo URL",
          "value": "/",
          "type": "text",
          "general": true,
          "general_position": 2
        }
      ]
    }
  ]
}