{
  "content": [
    {
      "items": [
        {
          "class": "text",
          "name": "blog_desc_limit",
          "label": "{{ messages.article_desc_limit }}",
          "options": [
            [
              "10",
              "10"
            ],
            [
              "20",
              "20"
            ],
            [
              "30",
              "30"
            ],
            [
              "40",
              "40"
            ],
            [
              "50",
              "50"
            ],
            [
              "100",
              "100"
            ],
            [
              "{{ messages.all }}",
              "all"
            ]
          ],
          "value": null,
          "type": "select",
          "enable_server_reload": true
        },
        {
          "class": "checkbox",
          "name": "hide-title",
          "label": "{{ messages.hide_title }}",
          "value": null,
          "type": "checkbox",
          "general": true,
          "general_position": 100
        },
        {
          "class": "checkbox",
          "name": "hide-tags",
          "label": "{{ messages.hide_tags }}",
          "value": null,
          "type": "checkbox",
          "general_label": "{{ messages.hide_tags_tags_panel }}",
          "general": true,
          "general_position": 100
        },
        {
          "class": "checkbox",
          "name": "hide-date",
          "label": "{{ messages.hide_date }}",
          "value": null,
          "type": "checkbox",
          "general": true,
          "general_position": 100
        },
        {
          "class": "checkbox",
          "name": "hide-description",
          "label": "{{ messages.hide_announcement }}",
          "value": null,
          "type": "checkbox",
          "general": true,
          "general_position": 100
        },
        {
          "class": "checkbox",
          "name": "hide-article-tags",
          "label": "{{ messages.hide_tags_article }}",
          "value": null,
          "type": "checkbox",
          "general": true,
          "general_position": 100
        },
        {
          "name": "articles-size",
          "label": "{{ messages.articles_size }}",
          "value": null,
          "type": "info",
          "text": "{{ messages.articles_size_help }}",
          "general": true,
          "general_position": 200
        }
      ]
    }
  ],
  "design": [
    {
      "type": "group",
      "name": "{{ messages.article }}",
      "items": [
        {
          "name": "widget-heading-ratio",
          "label": "{{ messages.font_size_primary }}",
          "class": "range",
          "min": 1,
          "max": 3,
          "step": 0.25,
          "type": "number",
          "with_btns": true,
          "general": true,
          "general_position": 1
        },
        {
          "name": "widget-heading-weight",
          "label": "{{ messages.weight_font }}",
          "class": "range",
          "min": 100,
          "max": 900,
          "step": 100,
          "type": "number",
          "with_btns": true,
          "general": true,
          "general_position": 1
        },
        {
          "class": "range",
          "name": "grid-list-min-width",
          "min": 250,
          "max": 500,
          "step": 10,
          "unit": "px",
          "label": "{{ messages.minimum_card_width }}",
          "type": "number",
          "with_btns": true,
          "general": true,
          "general_position": 1
        },
        {
          "class": "range",
          "name": "grid-list-row-gap",
          "min": 0,
          "max": 10,
          "step": 0.5,
          "unit": "rem",
          "label": "{{ messages.vertical_padding_between_cards }}",
          "type": "number",
          "with_btns": true,
          "general": true,
          "general_position": 1
        },
        {
          "class": "range",
          "name": "grid-list-column-gap",
          "min": 0,
          "max": 10,
          "step": 0.5,
          "unit": "rem",
          "label": "{{ messages.horizontal_space_between_cards }}",
          "type": "number",
          "with_btns": true,
          "general": true,
          "general_position": 1
        },
        {
          "class": "range",
          "name": "img-border-radius",
          "label": "{{ messages.rounding_corners_block }}",
          "min": 0,
          "max": 50,
          "step": 1,
          "unit": "px",
          "type": "number",
          "with_btns": true,
          "general": true,
          "general_position": 1
        },
        {
          "name": "item-background-color",
          "label": "{{ messages.blog_item_background_color }}",
          "value": "",
          "type": "color",
          "clearable": true,
          "general": true,
          "general_position": 1
        },

        {
          "name": "tags-background-color",
          "label": "{{ messages.blog_tags_background_color }}",
          "value": "",
          "type": "color",
          "clearable": true
        }
      ]
    },
    {
      "type": "group",
      "name": "{{ messages.picture }}",
      "items": [
        {

          "class": "select",
          "name": "img-fit",
          "options": [
            [
              "{{ messages.maintain_proportions }}",
              "contain"
            ],
            [
              "{{ messages.stretch_entire_block }}",
              "cover"
            ]
          ],
          "label": "{{ messages.image_size }}",
          "type": "select"
        },
        {
          "class": "range",
          "name": "img-ratio",
          "label": "{{ messages.image_ratio }}",
          "min": 0.5,
          "max": 2,
          "step": 0.1,
          "type": "number",
          "with_btns": true
        }
      ]
    },
    {
      "type": "group",
      "name": "{{ messages.widget }}",
      "items": [
        {
          "name": "bg",
          "label": "{{ messages.widget_background_color }}",
          "value": "",
          "type": "color",
          "clearable": true
        },
        {
          "class": "checkbox",
          "name": "layout-wide-bg",
          "label": "{{ messages.wide_background }}",
          "value": null,
          "type": "checkbox"
        },
        {
          "class": "range",
          "name": "layout-pt",
          "min": 0,
          "max": 10,
          "step": 0.5,
          "label": "{{ messages.padding_top }}",
          "type": "number",
          "with_btns": true,
          "unit": "vw",
          "general": true,
          "general_position": 1
        },
        {
          "class": "range",
          "name": "layout-pb",
          "min": 0,
          "max": 10,
          "step": 0.5,
          "label": "{{ messages.padding_bottom }}",
          "type": "number",
          "with_btns": true,
          "unit": "vw",
          "general": true,
          "general_position": 1
        },
        {
          "class": "number",
          "name": "layout-content-max-width",
          "min": 600,
          "max": 2000,
          "label": "{{ messages.content_max_width }}",
          "type": "number",
          "unit": "px",
          "hide_mobile": true
        },
        {
          "class": "checkbox",
          "name": "layout-wide-content",
          "label": "{{ messages.wide_content }}",
          "value": null,
          "type": "checkbox",
          "hide_mobile": true
        },
        {
          "class": "checkbox",
          "name": "layout-edge",
          "label": "{{ messages.remove_padding_at_edges }}",
          "value": null,
          "type": "checkbox"
        }

      ]
    },
    {
      "type": "group",
      "name": "{{ messages.adaptive }}",
      "items": [
        {
          "class": "checkbox",
          "name": "hide-desktop",
          "label": "{{ messages.hide_desktop }}",
          "value": null,
          "type": "checkbox"
        },
        {
          "class": "checkbox",
          "name": "hide-mobile",
          "label": "{{ messages.hide_mobile }}",
          "value": null,
          "type": "checkbox"
        }
      ]
    }
  ]
}
