{
  "current": "custom",
  "generation": 4,
  "not_need_shop_bundle": true,
  "presets": {
    "custom": {
      "bg": "#FFFFFF",
      "color-btn-bg": "#000000",
      "color-accent-text": "#000000",
      "color-text-dark": "#333333",
      "color-text-light": "#ffffff",
      "icons_pack": "insales-default",
      "controls-btn-border-radius": "0px",
      "color-notice-warning": "#fff3cd",
      "color-notice-success": "#d4edda",
      "color-notice-error": "#f8d7da",
      "color-notice-info": "#cce5ff",
      "font-family": "PT Root UI",
      "font-size": "16",
      "font-family-heading": "PT Root UI",
      "collection_count": 12,
      "search_count": 12,
      "blog_size": "8",
      "product_not_available": "shown",
      "layout-content-max-width": "1240",
      "delta_sidebar": "1",
      "type_sidebar": "sticky",
      "sidebar_index_position": "right",
      "sidebar_collection_position": "left",
      "sidebar_collection_show": true,
      "sidebar_cart_position": "left",
      "sidebar_product_position": "left",
      "sidebar_blog_position": "left",
      "sidebar_article_position": "left",
      "sidebar_page_position": "left",
      "sidebar_compare_position": "left",
      "sidebar_search_position": "left",
      "feedback_captcha_enabled": true,
      "favorite_enabled": true,
      "compare_enabled": true,
      "heading-ratio": 1.5,
      "heading-weight": 600,
      "color-preset": "custom",
      "_settings_version": 1755529581.5042782,
      "sidebar_index_show": false,
      "sidebar_page.system-template-4d22c9296573bfd50d31_position": "left",
      "sidebar_page.system-template-1edb10153fcbc13c7cae_position": "left",
      "sidebar_page.system-template-bf114fc98db9369eab4d_position": "left",
      "sidebar_collection.system-template-2f9034489e47cccc7961_show": false,
      "sidebar_collection.system-template-2f9034489e47cccc7961_position": "left",
      "collection.system-template-2f9034489e47cccc7961_count": 12,
      "sidebar_product.system-template-acca640e9f77cc34ea3d_position": "left",
      "sidebar_product.system-template-b9bc228330eb9b11f434_position": "left",
      "sidebar_product.system-template-38a03d03d6ef0806fc34_position": "left",
      "sidebar_product.system-template-10c82f593780663d8f7b_position": "left",
      "sidebar_product.system-template-361da683c716ece1353e_position": "left",
      "sidebar_product.system-template-3a5574fa027049299798_position": "left"
    }
  },
  "remote_theme_id": 653,
  "source_account_id": null,
  "system_widgets": true,
  "theme_title": "HTE x Skoro Theme"
}